{
  "alpha": 0.85,
  "converged": true,
  "elapsed_seconds": 6.48697650000031,
  "graph_name": "roadNet-CA",
  "iterations": 57,
  "l1_delta": 9.621794035250569e-07,
  "l1_error_vs_scipy": 2.1065971449032506e-16,
  "max_iter": 200,
  "mode": "numpy_loop",
  "num_edges": 5533214,
  "num_nodes": 1971281,
  "per_iteration_wall_time_seconds": 0.1136992210524847,
  "rank_sum": 1.0,
  "relative_error_vs_scipy": 2.1065971449032506e-16,
  "spmv_avg_seconds": 0.09155649999988862,
  "spmv_times_seconds": [
    0.09085820000109379,
    0.08939680000185035,
    0.09236430000237306,
    0.09122650000063004,
    0.09628109999903245,
    0.09352020000005723,
    0.0947822999987693,
    0.09018550000109826,
    0.08829770000011194,
    0.09080600000015693,
    0.08877449999999953,
    0.0929482999999891,
    0.0939911999994365,
    0.09114160000171978,
    0.09468439999909606,
    0.0911591000003682,
    0.09075599999778206,
    0.0956220999978541,
    0.08900269999867305,
    0.0872138000013365,
    0.10099640000044019,
    0.09211080000022775,
    0.0907508999989659,
    0.09239929999966989,
    0.09163990000160993,
    0.09001880000141682,
    0.0943593999982113,
    0.08711590000166325,
    0.08955179999975371,
    0.0880178999977943,
    0.09077420000176062,
    0.09098509999967064,
    0.09603770000103395,
    0.0927177000012307,
    0.09143740000217804,
    0.0931743999972241,
    0.08728030000202125,
    0.09119140000257175,
    0.09094479999839677,
    0.0930564999980561,
    0.09524880000026315,
    0.08955459999924642,
    0.09044089999952121,
    0.0877835999999661,
    0.09007570000176202,
    0.09296750000066822,
    0.08926549999887357,
    0.08905959999901825,
    0.093574799997441,
    0.09166469999763649,
    0.09451819999958389,
    0.0900387999972736,
    0.08763320000070962,
    0.09590849999949569,
    0.0914824999999837,
    0.09117269999842392,
    0.09075799999845913
  ],
  "spmv_total_seconds": 5.218720499993651,
  "tolerance": 1e-06
}
