{
  "alpha": 0.85,
  "converged": true,
  "elapsed_seconds": 6.993850399999928,
  "graph_name": "roadNet-CA",
  "iterations": 57,
  "l1_delta": 9.621794035250569e-07,
  "l1_error_vs_scipy": 2.1065971449032506e-16,
  "max_iter": 200,
  "mode": "numpy_loop",
  "num_edges": 5533214,
  "num_nodes": 1971281,
  "per_iteration_wall_time_seconds": 0.12262768421051835,
  "rank_sum": 1.0,
  "relative_error_vs_scipy": 2.1065971449032506e-16,
  "spmv_avg_seconds": 0.09921856491228864,
  "spmv_times_seconds": [
    0.09764759999995931,
    0.09859960000005685,
    0.10387300000002142,
    0.0985164999999597,
    0.10071449999998094,
    0.0993301999999403,
    0.0999939999999242,
    0.10265659999993204,
    0.10557540000002064,
    0.10278170000003684,
    0.10080380000010791,
    0.09831510000003618,
    0.10085900000001402,
    0.10077980000005482,
    0.1010115000000269,
    0.10507640000002993,
    0.10472900000002028,
    0.10815070000001015,
    0.10152190000007977,
    0.10180530000002364,
    0.10285550000003241,
    0.09837929999991957,
    0.0979231000000027,
    0.09811799999999948,
    0.09657119999997121,
    0.09771919999991496,
    0.10012349999999515,
    0.09694620000004761,
    0.09705669999993916,
    0.09596280000005208,
    0.09624389999999039,
    0.0958755999999994,
    0.09650870000007217,
    0.09662030000004052,
    0.10180030000003626,
    0.09977270000001681,
    0.10080540000001292,
    0.09772020000002613,
    0.09640980000006039,
    0.09644449999996141,
    0.09634800000003452,
    0.09605729999998402,
    0.09915060000002995,
    0.09923320000007152,
    0.10063610000008794,
    0.09866519999991397,
    0.09749060000001464,
    0.10025120000000243,
    0.09909170000003087,
    0.09794220000003406,
    0.09775490000004083,
    0.09763940000004823,
    0.0968999999998914,
    0.0961561999999958,
    0.09711870000001,
    0.09624569999994037,
    0.09617869999999584
  ],
  "spmv_total_seconds": 5.655458200000453,
  "tolerance": 1e-06
}
