{
  "alpha": 0.85,
  "converged": true,
  "convergence_l1_avg_seconds": 0.0017588763641966083,
  "convergence_l1_times_seconds": [
    0.002295900005265139,
    0.0018037999980151653,
    0.0017459000009694137,
    0.0018469999995431863,
    0.0016687000024830922,
    0.0017263999980059452,
    0.0017971000052057207,
    0.0020805000021937303,
    0.001763200001732912,
    0.0018251000001328066,
    0.0019460000039543957,
    0.0015523999973083846,
    0.0015536999999312684,
    0.001545299994177185,
    0.0015024999956949614,
    0.0015252000011969358,
    0.0016273000001092441,
    0.0017440000010537915,
    0.001684000002569519,
    0.002652199997100979,
    0.0018764999986160547,
    0.0019501999995554797,
    0.0018243000013171695,
    0.0018647000033524819,
    0.001535900002636481,
    0.0015133999986574054,
    0.001618499998585321,
    0.0016040999980759807,
    0.0015994999994290993,
    0.001541700003144797,
    0.0018177000019932166,
    0.002023500004725065,
    0.001647400000365451,
    0.0017111999986809678,
    0.0017858999999589287,
    0.002129400003468618,
    0.0018012000000453554,
    0.001821500001824461,
    0.0017791999998735264,
    0.001646900003834162,
    0.002071900002192706,
    0.0018247999978484586,
    0.0017908000008901581,
    0.0016703000001143664,
    0.0017552999997860752,
    0.0020193000018480234,
    0.001491100003477186,
    0.0016703000001143664,
    0.0015284999972209334,
    0.0015577999947709031,
    0.0015658999982406385,
    0.001636600005440414,
    0.0017816000035963953,
    0.0017573000004631467,
    0.0016378000000258908
  ],
  "convergence_l1_total_seconds": 0.09673820003081346,
  "csr_build_time_seconds": 0.8487408000000869,
  "damping_avg_seconds": 0.001535478182036472,
  "damping_times_seconds": [
    0.0017932999980985187,
    0.001657699998759199,
    0.0015500000008614734,
    0.001646900003834162,
    0.0015256999977282248,
    0.0015694999965489842,
    0.0016633999985060655,
    0.0016297999973176047,
    0.001542000005429145,
    0.0016324000025633723,
    0.0016577999995206483,
    0.0014088000025367364,
    0.0013253999932203442,
    0.0013475999949150719,
    0.0013034000003244728,
    0.0013220000037108548,
    0.0015153000058489852,
    0.001509299996541813,
    0.0014928999953554012,
    0.001618499998585321,
    0.0015162000054260716,
    0.001633700005186256,
    0.0016596000059507787,
    0.0015397999959532171,
    0.0013392000037129037,
    0.0013424999997369014,
    0.0013168000004952773,
    0.0013429999962681904,
    0.0013392000037129037,
    0.001461299994844012,
    0.0015217000036500394,
    0.0016852000044309534,
    0.0014622999951825477,
    0.0015086999992490746,
    0.0017528999960632063,
    0.0018472999945515767,
    0.0015621999991708435,
    0.0015330000023823231,
    0.00150680000660941,
    0.0014788999978918582,
    0.001593100001628045,
    0.001581599994096905,
    0.001588799997989554,
    0.0014961000051698647,
    0.0014689000017824583,
    0.0017044000051100738,
    0.0013231999982963316,
    0.0014067999945837073,
    0.0013733000014326535,
    0.0016612999970675446,
    0.0014532000059261918,
    0.0014351999998325482,
    0.0016031000050134026,
    0.0016110000069602393,
    0.002089299996441696
  ],
  "damping_total_seconds": 0.08445130001200596,
  "dangling_mass_avg_seconds": 0.00043456909082702954,
  "dangling_mass_times_seconds": [
    0.0003676999986055307,
    0.0004642999992938712,
    0.0004009000040241517,
    0.00042810000013560057,
    0.0004250999991199933,
    0.00042070000199601054,
    0.00038159999530762434,
    0.0004569000011542812,
    0.0004178000017418526,
    0.00037480000173673034,
    0.0004124999977648258,
    0.0004910999996354803,
    0.0004312999953981489,
    0.0004047999973408878,
    0.00044640000123763457,
    0.00039680000190855935,
    0.0005866999999852851,
    0.0003834000017377548,
    0.00040969999827211723,
    0.0003786999950534664,
    0.00047170000470941886,
    0.0004074000025866553,
    0.00037739999970654026,
    0.00042160000157309696,
    0.00040810000064084306,
    0.00040189999708672985,
    0.0005285000006551854,
    0.0003873999958159402,
    0.0004302000015741214,
    0.0004019999978481792,
    0.0004292999947210774,
    0.0004444999940460548,
    0.000462200005131308,
    0.0004626000009011477,
    0.00040320000698557124,
    0.0003620999996201135,
    0.00046940000174799934,
    0.00039670000114711,
    0.0004030999989481643,
    0.0004193999993731268,
    0.0005453000048873946,
    0.000527299998793751,
    0.0004589000018313527,
    0.00043339999683666974,
    0.00044770000386051834,
    0.00040099999750964344,
    0.00048240000614896417,
    0.0005061999981990084,
    0.0004141000026720576,
    0.00042240000038873404,
    0.0005392999955802225,
    0.0004287999981897883,
    0.00038359999598469585,
    0.0005292999994708225,
    0.0004135999988648109
  ],
  "dangling_mass_total_seconds": 0.023901299995486625,
  "duplicate_edge_semantics": "preserved",
  "elapsed_seconds": 2.818573299999116,
  "file_read_time_seconds": 0.8046697000027052,
  "graph_name": "amazon0601",
  "iteration_wall_avg_seconds": 0.05121459454544079,
  "iteration_wall_times_seconds": [
    0.05157909999979893,
    0.05712980000680545,
    0.051581899999291636,
    0.05121330000110902,
    0.051581899999291636,
    0.05021570000099018,
    0.053249099997628946,
    0.053397199997561984,
    0.053275400001439266,
    0.05159210000419989,
    0.053128300001844764,
    0.050541500000690576,
    0.04825259999779519,
    0.04831040000135545,
    0.04812120000133291,
    0.04816840000421507,
    0.050348199998552445,
    0.05047570000169799,
    0.051296300000103656,
    0.05249259999982314,
    0.052036400003999006,
    0.05567980000341777,
    0.0523618000006536,
    0.05144080000172835,
    0.05156200000055833,
    0.04834169999958249,
    0.048253100001602434,
    0.04805510000005597,
    0.04825960000016494,
    0.04829790000076173,
    0.049656299997877795,
    0.053477099994779564,
    0.05142609999893466,
    0.05095920000167098,
    0.05339539999840781,
    0.05404199999611592,
    0.05386530000396306,
    0.05176159999973606,
    0.051807699994242284,
    0.05118850000144448,
    0.051635899995744694,
    0.0537387000003946,
    0.05236490000243066,
    0.05387250000057975,
    0.05091069999616593,
    0.05156419999548234,
    0.048860499999136664,
    0.04814319999422878,
    0.04824619999999413,
    0.048485100000107195,
    0.048770499997772276,
    0.049939399999857415,
    0.05302690000098664,
    0.051470500002324115,
    0.053955399998812936
  ],
  "iteration_wall_total_seconds": 2.8168026999992435,
  "iterations": 55,
  "l1_delta": 8.702543867504124e-07,
  "l1_error_vs_scipy": 2.294245912362212e-16,
  "load_time_seconds": 1.6534133999957703,
  "max_iter": 200,
  "mode": "numpy_loop",
  "normalization_avg_seconds": 0.0005119654549740847,